{"licenses":[{"name":"","id":0,"url":""}],"info":{"contributor":"","date_created":"","description":"","url":"","version":"","year":""},"categories":[{"id":1,"name":"pole","supercategory":""},{"id":2,"name":"tree","supercategory":""}],"images":[{"id":1,"width":1280,"height":1280,"file_name":"satellite_32.7667972_-117.1910794_19_2.png","license":0,"flickr_url":"","coco_url":"","date_captured":0},{"id":2,"width":1280,"height":1280,"file_name":"satellite_32.776029_-117.1959058_19_2.png","license":0,"flickr_url":"","coco_url":"","date_captured":0},{"id":3,"width":1280,"height":1280,"file_name":"satellite_32.7760929_-117.1929139_19_2.png","license":0,"flickr_url":"","coco_url":"","date_captured":0},{"id":4,"width":1280,"height":1280,"file_name":"satellite_32.7768463_-117.2016394_19_2.png","license":0,"flickr_url":"","coco_url":"","date_captured":0},{"id":5,"width":1280,"height":1280,"file_name":"satellite_32.7806203_-117.2044161_19_2.png","license":0,"flickr_url":"","coco_url":"","date_captured":0},{"id":6,"width":1280,"height":1280,"file_name":"satellite_32.7844412_-117.1668956_19_2.png","license":0,"flickr_url":"","coco_url":"","date_captured":0},{"id":7,"width":1280,"height":1280,"file_name":"satellite_32.7862222_-117.1661486_19_2.png","license":0,"flickr_url":"","coco_url":"","date_captured":0},{"id":8,"width":1280,"height":1280,"file_name":"satellite_32.7913077_-117.0900226_19_2.png","license":0,"flickr_url":"","coco_url":"","date_captured":0},{"id":9,"width":1280,"height":1280,"file_name":"satellite_32.7919718_-117.0908485_19_2.png","license":0,"flickr_url":"","coco_url":"","date_captured":0},{"id":10,"width":1280,"height":1280,"file_name":"satellite_32.7937215_-117.1754918_19_2.png","license":0,"flickr_url":"","coco_url":"","date_captured":0},{"id":11,"width":1280,"height":1280,"file_name":"satellite_32.7950809_-117.1676967_19_2.png","license":0,"flickr_url":"","coco_url":"","date_captured":0},{"id":12,"width":1280,"height":1280,"file_name":"satellite_32.7952621_-117.1754151_19_2.png","license":0,"flickr_url":"","coco_url":"","date_captured":0},{"id":13,"width":1280,"height":1280,"file_name":"satellite_32.7956924_-117.0663954_19_2.png","license":0,"flickr_url":"","coco_url":"","date_captured":0},{"id":14,"width":1280,"height":1280,"file_name":"satellite_32.7965164_-117.0835183_19_2.png","license":0,"flickr_url":"","coco_url":"","date_captured":0},{"id":15,"width":1280,"height":1280,"file_name":"satellite_32.7974655_-117.0695503_19_2.png","license":0,"flickr_url":"","coco_url":"","date_captured":0},{"id":16,"width":1280,"height":1280,"file_name":"satellite_32.8051316_-117.0219805_19_2.png","license":0,"flickr_url":"","coco_url":"","date_captured":0},{"id":17,"width":1280,"height":1280,"file_name":"satellite_32.8052109_-117.0193553_19_2.png","license":0,"flickr_url":"","coco_url":"","date_captured":0},{"id":18,"width":1280,"height":1280,"file_name":"satellite_32.8062484_-117.0119538_19_2.png","license":0,"flickr_url":"","coco_url":"","date_captured":0},{"id":19,"width":1280,"height":1280,"file_name":"satellite_32.8063108_-117.0209906_19_2.png","license":0,"flickr_url":"","coco_url":"","date_captured":0},{"id":20,"width":1280,"height":1280,"file_name":"satellite_32.8264453_-117.1832565_19_2.png","license":0,"flickr_url":"","coco_url":"","date_captured":0},{"id":21,"width":1280,"height":1280,"file_name":"satellite_32.835252_-117.1905991_19_2.png","license":0,"flickr_url":"","coco_url":"","date_captured":0},{"id":22,"width":1280,"height":1280,"file_name":"satellite_32.8353005_-117.1921541_19_2.png","license":0,"flickr_url":"","coco_url":"","date_captured":0},{"id":23,"width":1280,"height":1280,"file_name":"satellite_32.8353107_-117.1939721_19_2.png","license":0,"flickr_url":"","coco_url":"","date_captured":0},{"id":24,"width":1280,"height":1280,"file_name":"satellite_32.8371028_-117.1880858_19_2.png","license":0,"flickr_url":"","coco_url":"","date_captured":0},{"id":25,"width":1280,"height":1280,"file_name":"satellite_32.8385846_-117.1869454_19_2.png","license":0,"flickr_url":"","coco_url":"","date_captured":0},{"id":26,"width":1280,"height":1280,"file_name":"satellite_32.839643_-117.1870219_19_2.png","license":0,"flickr_url":"","coco_url":"","date_captured":0}],"annotations":[{"id":1,"image_id":1,"category_id":1,"segmentation":[],"area":3793.373099999998,"bbox":[32.92,669.74,30.33,125.07],"iscrowd":0,"attributes":{"occluded":false,"rotation":0.0}},{"id":2,"image_id":1,"category_id":1,"segmentation":[],"area":556.5131999999992,"bbox":[135.08,689.55,13.62,40.86],"iscrowd":0,"attributes":{"occluded":false,"rotation":0.0}},{"id":3,"image_id":1,"category_id":1,"segmentation":[],"area":1903.9859999999958,"bbox":[418.04,562.62,16.1,118.26],"iscrowd":0,"attributes":{"occluded":false,"rotation":0.0}},{"id":4,"image_id":1,"category_id":1,"segmentation":[],"area":1987.471499999995,"bbox":[693.0,482.75,16.05,123.83],"iscrowd":0,"attributes":{"occluded":false,"rotation":0.0}},{"id":5,"image_id":1,"category_id":1,"segmentation":[],"area":546.5987999999991,"bbox":[970.96,441.26,11.77,46.44],"iscrowd":0,"attributes":{"occluded":false,"rotation":0.0}},{"id":6,"image_id":1,"category_id":1,"segmentation":[],"area":566.7123999999991,"bbox":[1253.31,374.39,10.52,53.87],"iscrowd":0,"attributes":{"occluded":false,"rotation":0.0}},{"id":7,"image_id":1,"category_id":1,"segmentation":[],"area":3888.677800000019,"bbox":[1215.54,372.53,30.34,128.17],"iscrowd":0,"attributes":{"occluded":false,"rotation":0.0}},{"id":8,"image_id":1,"category_id":1,"segmentation":[],"area":1294.7040000000009,"bbox":[597.23,1176.33,17.76,72.9],"iscrowd":0,"attributes":{"occluded":false,"rotation":0.0}},{"id":9,"image_id":1,"category_id":1,"segmentation":[],"area":3319.348400000003,"bbox":[872.01,1125.86,27.11,122.44],"iscrowd":0,"attributes":{"occluded":false,"rotation":0.0}},{"id":10,"image_id":1,"category_id":1,"segmentation":[],"area":1723.81319999999,"bbox":[1150.54,1057.63,13.08,131.79],"iscrowd":0,"attributes":{"occluded":false,"rotation":0.0}},{"id":11,"image_id":2,"category_id":1,"segmentation":[],"area":3275.3339999999994,"bbox":[108.77,429.31,23.55,139.08],"iscrowd":0,"attributes":{"occluded":false,"rotation":7.5}},{"id":12,"image_id":2,"category_id":1,"segmentation":[],"area":4119.636799999999,"bbox":[209.71,232.37,28.04,146.92],"iscrowd":0,"attributes":{"occluded":false,"rotation":8.200000000000003}},{"id":13,"image_id":2,"category_id":1,"segmentation":[],"area":3214.7710000000047,"bbox":[356.59,56.37,24.71,130.1],"iscrowd":0,"attributes":{"occluded":false,"rotation":9.700000000000003}},{"id":14,"image_id":2,"category_id":1,"segmentation":[],"area":4054.703799999992,"bbox":[364.92,621.45,25.79,157.22],"iscrowd":0,"attributes":{"occluded":false,"rotation":7.5}},{"id":15,"image_id":2,"category_id":1,"segmentation":[],"area":1471.996800000003,"bbox":[839.81,730.33,14.58,100.96],"iscrowd":0,"attributes":{"occluded":false,"rotation":7.3999999999999915}},{"id":16,"image_id":2,"category_id":1,"segmentation":[],"area":3901.3138000000113,"bbox":[1170.57,717.98,24.67,158.14],"iscrowd":0,"attributes":{"occluded":false,"rotation":8.400000000000006}},{"id":17,"image_id":3,"category_id":1,"segmentation":[],"area":2309.2953000000007,"bbox":[23.06,385.4,17.13,134.81],"iscrowd":0,"attributes":{"occluded":false,"rotation":7.800000000000026}},{"id":18,"image_id":3,"category_id":1,"segmentation":[],"area":1964.9960000000021,"bbox":[306.64,451.42,14.8,132.77],"iscrowd":0,"attributes":{"occluded":false,"rotation":8.700000000000003}},{"id":19,"image_id":3,"category_id":1,"segmentation":[],"area":2100.7917000000034,"bbox":[579.61,531.12,18.09,116.13],"iscrowd":0,"attributes":{"occluded":false,"rotation":7.699999999999989}},{"id":20,"image_id":3,"category_id":1,"segmentation":[],"area":2663.885699999991,"bbox":[870.33,573.27,18.69,142.53],"iscrowd":0,"attributes":{"occluded":false,"rotation":7.200000000000003}},{"id":21,"image_id":3,"category_id":1,"segmentation":[],"area":1691.674800000001,"bbox":[1155.55,666.71,13.24,127.77],"iscrowd":0,"attributes":{"occluded":false,"rotation":7.400000000000006}},{"id":22,"image_id":3,"category_id":1,"segmentation":[],"area":2297.885999999993,"bbox":[358.17,1170.7,24.6,93.41],"iscrowd":0,"attributes":{"occluded":false,"rotation":5.0}},{"id":23,"image_id":4,"category_id":1,"segmentation":[],"area":3335.291400000002,"bbox":[257.2,252.43,26.11,127.74],"iscrowd":0,"attributes":{"occluded":false,"rotation":7.100000000000023}},{"id":24,"image_id":4,"category_id":1,"segmentation":[],"area":2771.3112000000056,"bbox":[446.78,398.56,23.44,118.23],"iscrowd":0,"attributes":{"occluded":false,"rotation":8.5}},{"id":25,"image_id":4,"category_id":1,"segmentation":[],"area":2988.636300000011,"bbox":[761.29,594.62,20.41,146.43],"iscrowd":0,"attributes":{"occluded":false,"rotation":5.7000000000000455}},{"id":26,"image_id":4,"category_id":1,"segmentation":[],"area":3975.3342999999936,"bbox":[1057.25,872.6,27.29,145.67],"iscrowd":0,"attributes":{"occluded":false,"rotation":3.9000000000000057}},{"id":27,"image_id":4,"category_id":1,"segmentation":[],"area":1228.3623000000002,"bbox":[793.22,1193.25,21.03,58.41],"iscrowd":0,"attributes":{"occluded":false,"rotation":0.0}},{"id":28,"image_id":4,"category_id":1,"segmentation":[],"area":3086.0927999999817,"bbox":[1229.39,678.42,24.92,123.84],"iscrowd":0,"attributes":{"occluded":false,"rotation":3.700000000000003}},{"id":29,"image_id":4,"category_id":1,"segmentation":[],"area":1310.4493999999984,"bbox":[777.65,221.22,14.02,93.47],"iscrowd":0,"attributes":{"occluded":false,"rotation":8.100000000000009}},{"id":30,"image_id":5,"category_id":1,"segmentation":[],"area":4189.697900000002,"bbox":[219.89,440.6,26.63,157.33],"iscrowd":0,"attributes":{"occluded":false,"rotation":353.19999999999993}},{"id":31,"image_id":5,"category_id":1,"segmentation":[],"area":3484.023199999999,"bbox":[418.1,584.7,25.13,138.64],"iscrowd":0,"attributes":{"occluded":false,"rotation":351.80000000000007}},{"id":32,"image_id":5,"category_id":1,"segmentation":[],"area":2374.151999999999,"bbox":[442.73,597.88,18.7,126.96],"iscrowd":0,"attributes":{"occluded":false,"rotation":12.099999999999994}},{"id":33,"image_id":5,"category_id":1,"segmentation":[],"area":3753.5400000000027,"bbox":[808.8,752.88,26.48,141.75],"iscrowd":0,"attributes":{"occluded":false,"rotation":9.100000000000009}},{"id":34,"image_id":5,"category_id":1,"segmentation":[],"area":2648.295000000002,"bbox":[1049.36,846.31,20.25,130.78],"iscrowd":0,"attributes":{"occluded":false,"rotation":9.200000000000031}},{"id":35,"image_id":6,"category_id":1,"segmentation":[],"area":3761.395200000003,"bbox":[275.21,474.42,28.53,131.84],"iscrowd":0,"attributes":{"occluded":false,"rotation":351.2999999999999}},{"id":36,"image_id":6,"category_id":1,"segmentation":[],"area":2654.898400000009,"bbox":[596.18,609.78,23.03,115.28],"iscrowd":0,"attributes":{"occluded":false,"rotation":351.80000000000007}},{"id":37,"image_id":6,"category_id":1,"segmentation":[],"area":1795.8611000000094,"bbox":[868.31,507.83,19.03,94.37],"iscrowd":0,"attributes":{"occluded":false,"rotation":349.4}},{"id":38,"image_id":6,"category_id":1,"segmentation":[],"area":3569.3585999999736,"bbox":[1038.89,150.19,27.22,131.13],"iscrowd":0,"attributes":{"occluded":false,"rotation":354.1}},{"id":39,"image_id":6,"category_id":1,"segmentation":[],"area":3441.9032999999968,"bbox":[1249.41,1117.2,26.01,132.33],"iscrowd":0,"attributes":{"occluded":false,"rotation":355.49999999999994}},{"id":40,"image_id":7,"category_id":1,"segmentation":[],"area":2109.9683000000014,"bbox":[385.01,439.63,16.61,127.03],"iscrowd":0,"attributes":{"occluded":false,"rotation":349.69999999999993}},{"id":41,"image_id":7,"category_id":1,"segmentation":[],"area":2491.4993000000027,"bbox":[765.23,693.81,19.87,125.39],"iscrowd":0,"attributes":{"occluded":false,"rotation":350.19999999999993}},{"id":42,"image_id":7,"category_id":1,"segmentation":[],"area":4489.543799999979,"bbox":[1222.91,101.97,30.66,146.43],"iscrowd":0,"attributes":{"occluded":false,"rotation":349.1}},{"id":43,"image_id":7,"category_id":1,"segmentation":[],"area":1326.9579999999994,"bbox":[989.72,364.27,18.52,71.65],"iscrowd":0,"attributes":{"occluded":false,"rotation":351.2999999999999}},{"id":44,"image_id":7,"category_id":1,"segmentation":[],"area":1614.526900000006,"bbox":[948.31,1058.87,16.31,98.99],"iscrowd":0,"attributes":{"occluded":false,"rotation":354.0}},{"id":45,"image_id":8,"category_id":1,"segmentation":[],"area":2232.4326000000024,"bbox":[640.84,41.58,16.86,132.41],"iscrowd":0,"attributes":{"occluded":false,"rotation":342.80000000000007}},{"id":46,"image_id":8,"category_id":1,"segmentation":[],"area":4033.495800000005,"bbox":[685.39,285.65,25.59,157.62],"iscrowd":0,"attributes":{"occluded":false,"rotation":343.20000000000005}},{"id":47,"image_id":8,"category_id":1,"segmentation":[],"area":3716.2839999999983,"bbox":[578.28,546.92,23.14,160.6],"iscrowd":0,"attributes":{"occluded":false,"rotation":342.89999999999986}},{"id":48,"image_id":8,"category_id":1,"segmentation":[],"area":4426.340400000004,"bbox":[456.26,807.37,26.28,168.43],"iscrowd":0,"attributes":{"occluded":false,"rotation":343.9999999999999}},{"id":49,"image_id":8,"category_id":1,"segmentation":[],"area":3659.642000000002,"bbox":[347.25,1081.67,24.22,151.1],"iscrowd":0,"attributes":{"occluded":false,"rotation":346.6}},{"id":50,"image_id":8,"category_id":1,"segmentation":[],"area":1373.3437999999994,"bbox":[1189.71,1170.24,17.02,80.69],"iscrowd":0,"attributes":{"occluded":false,"rotation":347.9}},{"id":51,"image_id":9,"category_id":1,"segmentation":[],"area":1963.6562000000072,"bbox":[587.79,-2.58,16.06,122.27],"iscrowd":0,"attributes":{"occluded":false,"rotation":341.3999999999999}},{"id":52,"image_id":9,"category_id":1,"segmentation":[],"area":3993.667100000015,"bbox":[572.56,253.47,24.77,161.23],"iscrowd":0,"attributes":{"occluded":false,"rotation":345.9}},{"id":53,"image_id":9,"category_id":1,"segmentation":[],"area":4081.692000000003,"bbox":[576.99,585.26,25.36,160.95],"iscrowd":0,"attributes":{"occluded":false,"rotation":343.0}},{"id":54,"image_id":9,"category_id":1,"segmentation":[],"area":3659.9840000000017,"bbox":[569.99,886.05,25.12,145.7],"iscrowd":0,"attributes":{"occluded":false,"rotation":343.1}},{"id":55,"image_id":9,"category_id":1,"segmentation":[],"area":2846.8279000000066,"bbox":[1184.83,1134.43,24.43,116.53],"iscrowd":0,"attributes":{"occluded":false,"rotation":342.2}},{"id":56,"image_id":9,"category_id":1,"segmentation":[],"area":1236.5948000000008,"bbox":[1257.73,631.59,10.99,112.52],"iscrowd":0,"attributes":{"occluded":false,"rotation":342.49999999999994}},{"id":57,"image_id":9,"category_id":1,"segmentation":[],"area":3002.9597999999955,"bbox":[1248.69,317.86,24.54,122.37],"iscrowd":0,"attributes":{"occluded":false,"rotation":344.49999999999994}},{"id":58,"image_id":9,"category_id":1,"segmentation":[],"area":730.0248000000088,"bbox":[1262.34,57.21,8.88,82.21],"iscrowd":0,"attributes":{"occluded":false,"rotation":344.39999999999986}},{"id":59,"image_id":10,"category_id":1,"segmentation":[],"area":4099.607999999987,"bbox":[544.45,52.19,29.35,139.68],"iscrowd":0,"attributes":{"occluded":false,"rotation":338.79999999999995}},{"id":60,"image_id":10,"category_id":1,"segmentation":[],"area":4329.864999999989,"bbox":[542.36,389.42,26.45,163.7],"iscrowd":0,"attributes":{"occluded":false,"rotation":340.8}},{"id":61,"image_id":10,"category_id":1,"segmentation":[],"area":4685.5808999999945,"bbox":[542.0,647.82,30.03,156.03],"iscrowd":0,"attributes":{"occluded":false,"rotation":340.99999999999994}},{"id":62,"image_id":10,"category_id":1,"segmentation":[],"area":4474.449999999998,"bbox":[551.59,857.11,27.25,164.2],"iscrowd":0,"attributes":{"occluded":false,"rotation":339.19999999999993}},{"id":63,"image_id":10,"category_id":1,"segmentation":[],"area":4729.237800000008,"bbox":[551.54,972.99,29.71,159.18],"iscrowd":0,"attributes":{"occluded":false,"rotation":339.5999999999999}},{"id":64,"image_id":10,"category_id":1,"segmentation":[],"area":1314.0347999999963,"bbox":[456.81,1088.89,15.72,83.59],"iscrowd":0,"attributes":{"occluded":false,"rotation":338.2}},{"id":65,"image_id":10,"category_id":1,"segmentation":[],"area":1785.2750999999935,"bbox":[823.73,457.99,15.93,112.07],"iscrowd":0,"attributes":{"occluded":false,"rotation":341.3999999999999}},{"id":66,"image_id":10,"category_id":1,"segmentation":[],"area":1527.0245999999968,"bbox":[1085.03,473.65,16.29,93.74],"iscrowd":0,"attributes":{"occluded":false,"rotation":336.4}},{"id":67,"image_id":11,"category_id":1,"segmentation":[],"area":2262.750000000001,"bbox":[18.88,401.38,15.0,150.85],"iscrowd":0,"attributes":{"occluded":false,"rotation":340.9}},{"id":68,"image_id":11,"category_id":1,"segmentation":[],"area":1855.9654999999987,"bbox":[376.16,411.52,13.45,137.99],"iscrowd":0,"attributes":{"occluded":false,"rotation":339.5}},{"id":69,"image_id":11,"category_id":1,"segmentation":[],"area":3666.455199999994,"bbox":[614.34,388.88,22.79,160.88],"iscrowd":0,"attributes":{"occluded":false,"rotation":339.90000000000003}},{"id":70,"image_id":11,"category_id":1,"segmentation":[],"area":2656.5900000000006,"bbox":[907.81,401.17,17.0,156.27],"iscrowd":0,"attributes":{"occluded":false,"rotation":340.3}},{"id":71,"image_id":11,"category_id":1,"segmentation":[],"area":4911.762000000016,"bbox":[1067.82,408.11,34.36,142.95],"iscrowd":0,"attributes":{"occluded":false,"rotation":341.8}},{"id":72,"image_id":11,"category_id":1,"segmentation":[],"area":1326.9280000000108,"bbox":[1155.33,313.88,13.88,95.6],"iscrowd":0,"attributes":{"occluded":false,"rotation":337.2}},{"id":73,"image_id":11,"category_id":1,"segmentation":[],"area":2311.9703999999983,"bbox":[1142.16,815.01,19.26,120.04],"iscrowd":0,"attributes":{"occluded":false,"rotation":340.2}},{"id":74,"image_id":11,"category_id":1,"segmentation":[],"area":1356.9061000000042,"bbox":[1154.17,1139.61,13.97,97.13],"iscrowd":0,"attributes":{"occluded":false,"rotation":342.6}},{"id":75,"image_id":11,"category_id":1,"segmentation":[],"area":3246.900000000006,"bbox":[585.39,110.33,23.7,137.0],"iscrowd":0,"attributes":{"occluded":false,"rotation":337.9}},{"id":76,"image_id":12,"category_id":1,"segmentation":[],"area":4500.354800000016,"bbox":[552.31,78.14,27.14,165.82],"iscrowd":0,"attributes":{"occluded":false,"rotation":336.70000000000005}},{"id":77,"image_id":12,"category_id":1,"segmentation":[],"area":5604.608600000011,"bbox":[525.3,445.29,34.42,162.83],"iscrowd":0,"attributes":{"occluded":false,"rotation":339.5999999999999}},{"id":78,"image_id":12,"category_id":1,"segmentation":[],"area":5359.16060000001,"bbox":[507.53,708.27,28.57,187.58],"iscrowd":0,"attributes":{"occluded":false,"rotation":339.1}},{"id":79,"image_id":12,"category_id":1,"segmentation":[],"area":3985.3619999999923,"bbox":[491.27,1125.19,26.28,151.65],"iscrowd":0,"attributes":{"occluded":false,"rotation":340.69999999999993}},{"id":80,"image_id":12,"category_id":1,"segmentation":[],"area":2985.931000000003,"bbox":[933.13,519.76,22.1,135.11],"iscrowd":0,"attributes":{"occluded":false,"rotation":343.0}},{"id":81,"image_id":12,"category_id":1,"segmentation":[],"area":1783.7009999999916,"bbox":[1219.98,549.81,17.1,104.31],"iscrowd":0,"attributes":{"occluded":false,"rotation":339.0}},{"id":82,"image_id":13,"category_id":1,"segmentation":[],"area":2193.1098000000097,"bbox":[882.04,-0.04,18.66,117.53],"iscrowd":0,"attributes":{"occluded":false,"rotation":21.70000000000003}},{"id":83,"image_id":13,"category_id":1,"segmentation":[],"area":1881.451100000028,"bbox":[1240.35,133.54,11.81,159.31],"iscrowd":0,"attributes":{"occluded":false,"rotation":23.599999999999994}},{"id":84,"image_id":13,"category_id":1,"segmentation":[],"area":6038.533800000026,"bbox":[1036.82,302.0,28.62,210.99],"iscrowd":0,"attributes":{"occluded":false,"rotation":22.200000000000003}},{"id":85,"image_id":13,"category_id":1,"segmentation":[],"area":4213.788000000004,"bbox":[834.03,535.37,25.1,167.88],"iscrowd":0,"attributes":{"occluded":false,"rotation":22.90000000000002}},{"id":86,"image_id":13,"category_id":1,"segmentation":[],"area":2698.8870000000074,"bbox":[770.03,539.73,16.7,161.61],"iscrowd":0,"attributes":{"occluded":false,"rotation":336.29999999999995}},{"id":87,"image_id":13,"category_id":1,"segmentation":[],"area":2269.530000000005,"bbox":[568.53,746.11,13.59,167.0],"iscrowd":0,"attributes":{"occluded":false,"rotation":340.2}},{"id":88,"image_id":13,"category_id":1,"segmentation":[],"area":2251.3478000000055,"bbox":[370.64,968.57,15.02,149.89],"iscrowd":0,"attributes":{"occluded":false,"rotation":342.79999999999995}},{"id":89,"image_id":13,"category_id":1,"segmentation":[],"area":1365.5122000000013,"bbox":[221.7,188.85,13.39,101.98],"iscrowd":0,"attributes":{"occluded":false,"rotation":24.299999999999997}},{"id":90,"image_id":13,"category_id":1,"segmentation":[],"area":538.6560000000006,"bbox":[437.69,-1.92,9.3,57.92],"iscrowd":0,"attributes":{"occluded":false,"rotation":25.100000000000023}},{"id":91,"image_id":14,"category_id":1,"segmentation":[],"area":1045.3660000000073,"bbox":[649.06,60.14,9.8,106.67],"iscrowd":0,"attributes":{"occluded":false,"rotation":25.39999999999999}},{"id":92,"image_id":14,"category_id":1,"segmentation":[],"area":1562.4700999999884,"bbox":[650.45,320.8,11.09,140.89],"iscrowd":0,"attributes":{"occluded":false,"rotation":25.100000000000023}},{"id":93,"image_id":14,"category_id":1,"segmentation":[],"area":3711.900200000003,"bbox":[645.16,595.3,23.86,155.57],"iscrowd":0,"attributes":{"occluded":false,"rotation":27.0}},{"id":94,"image_id":14,"category_id":1,"segmentation":[],"area":1278.1585999999977,"bbox":[609.15,1024.66,9.01,141.86],"iscrowd":0,"attributes":{"occluded":false,"rotation":22.200000000000003}},{"id":95,"image_id":14,"category_id":1,"segmentation":[],"area":852.5195999999988,"bbox":[270.99,612.84,11.58,73.62],"iscrowd":0,"attributes":{"occluded":false,"rotation":23.0}},{"id":96,"image_id":15,"category_id":1,"segmentation":[],"area":2469.5640000000135,"bbox":[1092.12,27.76,15.16,162.9],"iscrowd":0,"attributes":{"occluded":false,"rotation":25.39999999999999}},{"id":97,"image_id":15,"category_id":1,"segmentation":[],"area":4987.251799999988,"bbox":[889.19,212.96,24.94,199.97],"iscrowd":0,"attributes":{"occluded":false,"rotation":24.39999999999999}},{"id":98,"image_id":15,"category_id":1,"segmentation":[],"area":4428.391199999994,"bbox":[677.33,446.64,27.92,158.61],"iscrowd":0,"attributes":{"occluded":false,"rotation":25.39999999999999}},{"id":99,"image_id":15,"category_id":1,"segmentation":[],"area":3737.975799999996,"bbox":[477.97,653.3,23.53,158.86],"iscrowd":0,"attributes":{"occluded":false,"rotation":21.80000000000001}},{"id":100,"image_id":15,"category_id":1,"segmentation":[],"area":5227.099500000001,"bbox":[292.64,831.49,29.55,176.89],"iscrowd":0,"attributes":{"occluded":false,"rotation":22.90000000000002}},{"id":101,"image_id":15,"category_id":1,"segmentation":[],"area":3072.8711999999973,"bbox":[18.2,1122.92,23.08,133.14],"iscrowd":0,"attributes":{"occluded":false,"rotation":24.10000000000001}},{"id":102,"image_id":16,"category_id":1,"segmentation":[],"area":4145.229000000001,"bbox":[819.77,172.16,168.3,24.63],"iscrowd":0,"attributes":{"occluded":false,"rotation":340.1}},{"id":103,"image_id":16,"category_id":1,"segmentation":[],"area":4357.273200000004,"bbox":[545.68,509.54,167.33,26.04],"iscrowd":0,"attributes":{"occluded":false,"rotation":341.6}},{"id":104,"image_id":16,"category_id":1,"segmentation":[],"area":4924.315200000006,"bbox":[350.99,730.55,176.12,27.96],"iscrowd":0,"attributes":{"occluded":false,"rotation":340.9}},{"id":105,"image_id":16,"category_id":1,"segmentation":[],"area":2208.1800000000003,"bbox":[780.79,789.58,169.86,13.0],"iscrowd":0,"attributes":{"occluded":false,"rotation":340.99999999999994}},{"id":106,"image_id":16,"category_id":1,"segmentation":[],"area":2292.643200000006,"bbox":[1161.62,947.93,120.92,18.96],"iscrowd":0,"attributes":{"occluded":false,"rotation":340.9}},{"id":107,"image_id":16,"category_id":1,"segmentation":[],"area":635.0349999999999,"bbox":[112.23,3.03,60.25,10.54],"iscrowd":0,"attributes":{"occluded":false,"rotation":343.5}},{"id":108,"image_id":17,"category_id":1,"segmentation":[],"area":4178.970400000003,"bbox":[78.4,1031.73,177.98,23.48],"iscrowd":0,"attributes":{"occluded":false,"rotation":339.29999999999995}},{"id":109,"image_id":17,"category_id":1,"segmentation":[],"area":904.4999999999959,"bbox":[376.64,1068.76,112.5,8.04],"iscrowd":0,"attributes":{"occluded":false,"rotation":339.9}},{"id":110,"image_id":17,"category_id":1,"segmentation":[],"area":4864.297600000002,"bbox":[568.72,1096.33,158.24,30.74],"iscrowd":0,"attributes":{"occluded":false,"rotation":339.3}},{"id":111,"image_id":17,"category_id":1,"segmentation":[],"area":3264.674700000011,"bbox":[1097.11,1090.78,122.41,26.67],"iscrowd":0,"attributes":{"occluded":false,"rotation":336.99999999999994}},{"id":112,"image_id":17,"category_id":1,"segmentation":[],"area":1291.4653999999905,"bbox":[600.89,699.08,131.38,9.83],"iscrowd":0,"attributes":{"occluded":false,"rotation":339.3}},{"id":113,"image_id":17,"category_id":1,"segmentation":[],"area":6030.1119000000035,"bbox":[599.21,469.28,170.97,35.27],"iscrowd":0,"attributes":{"occluded":false,"rotation":339.29999999999995}},{"id":114,"image_id":17,"category_id":1,"segmentation":[],"area":1127.6694,"bbox":[724.32,10.94,87.62,12.87],"iscrowd":0,"attributes":{"occluded":false,"rotation":341.6}},{"id":115,"image_id":17,"category_id":1,"segmentation":[],"area":1278.5519999999992,"bbox":[184.89,353.44,133.6,9.57],"iscrowd":0,"attributes":{"occluded":false,"rotation":340.69999999999993}},{"id":116,"image_id":17,"category_id":1,"segmentation":[],"area":4297.795200000004,"bbox":[969.13,458.9,165.81,25.92],"iscrowd":0,"attributes":{"occluded":false,"rotation":340.6}},{"id":117,"image_id":18,"category_id":1,"segmentation":[],"area":3009.312000000002,"bbox":[-0.45,261.45,116.1,25.92],"iscrowd":0,"attributes":{"occluded":false,"rotation":339.1}},{"id":118,"image_id":18,"category_id":1,"segmentation":[],"area":945.7560000000004,"bbox":[358.7,12.28,77.84,12.15],"iscrowd":0,"attributes":{"occluded":false,"rotation":334.20000000000005}},{"id":119,"image_id":18,"category_id":1,"segmentation":[],"area":3170.9290999999926,"bbox":[203.16,812.84,141.37,22.43],"iscrowd":0,"attributes":{"occluded":false,"rotation":335.39999999999986}},{"id":120,"image_id":18,"category_id":1,"segmentation":[],"area":696.9645999999992,"bbox":[771.37,828.4,83.17,8.38],"iscrowd":0,"attributes":{"occluded":false,"rotation":335.9}},{"id":121,"image_id":18,"category_id":1,"segmentation":[],"area":3710.3776000000025,"bbox":[691.75,469.33,140.12,26.48],"iscrowd":0,"attributes":{"occluded":false,"rotation":334.79999999999995}},{"id":122,"image_id":18,"category_id":1,"segmentation":[],"area":2565.498600000002,"bbox":[1077.76,247.48,110.06,23.31],"iscrowd":0,"attributes":{"occluded":false,"rotation":337.6}},{"id":123,"image_id":19,"category_id":1,"segmentation":[],"area":4770.143600000001,"bbox":[1032.41,63.77,174.22,27.38],"iscrowd":0,"attributes":{"occluded":false,"rotation":339.1}},{"id":124,"image_id":19,"category_id":1,"segmentation":[],"area":2186.3263999999986,"bbox":[856.09,292.35,158.89,13.76],"iscrowd":0,"attributes":{"occluded":false,"rotation":341.6}},{"id":125,"image_id":19,"category_id":1,"segmentation":[],"area":3043.1899999999937,"bbox":[526.77,581.13,173.5,17.54],"iscrowd":0,"attributes":{"occluded":false,"rotation":340.69999999999993}},{"id":126,"image_id":19,"category_id":1,"segmentation":[],"area":4168.981600000012,"bbox":[357.96,880.3,166.36,25.06],"iscrowd":0,"attributes":{"occluded":false,"rotation":341.8}},{"id":127,"image_id":19,"category_id":1,"segmentation":[],"area":4598.100000000025,"bbox":[84.01,1217.05,163.75,28.08],"iscrowd":0,"attributes":{"occluded":false,"rotation":340.0}},{"id":128,"image_id":19,"category_id":1,"segmentation":[],"area":2468.4120999999986,"bbox":[1065.1,1040.5,182.71,13.51],"iscrowd":0,"attributes":{"occluded":false,"rotation":341.1}},{"id":129,"image_id":19,"category_id":1,"segmentation":[],"area":1693.0629999999846,"bbox":[845.37,848.58,167.63,10.1],"iscrowd":0,"attributes":{"occluded":false,"rotation":340.4}},{"id":130,"image_id":19,"category_id":1,"segmentation":[],"area":1396.1389999999953,"bbox":[381.39,467.18,141.74,9.85],"iscrowd":0,"attributes":{"occluded":false,"rotation":341.5}},{"id":131,"image_id":19,"category_id":1,"segmentation":[],"area":3372.427699999999,"bbox":[10.71,154.09,176.29,19.13],"iscrowd":0,"attributes":{"occluded":false,"rotation":342.80000000000007}},{"id":132,"image_id":19,"category_id":1,"segmentation":[],"area":2504.8155000000015,"bbox":[0.26,330.56,97.35,25.73],"iscrowd":0,"attributes":{"occluded":false,"rotation":343.9999999999999}},{"id":133,"image_id":19,"category_id":1,"segmentation":[],"area":493.23499999999984,"bbox":[246.89,1.5,42.89,11.5],"iscrowd":0,"attributes":{"occluded":false,"rotation":0.0}},{"id":134,"image_id":19,"category_id":1,"segmentation":[],"area":1433.4527999999957,"bbox":[255.44,368.61,114.86,12.48],"iscrowd":0,"attributes":{"occluded":false,"rotation":342.8999999999999}},{"id":135,"image_id":20,"category_id":1,"segmentation":[],"area":3477.4559999999938,"bbox":[308.1,471.2,22.8,152.52],"iscrowd":0,"attributes":{"occluded":false,"rotation":0.0}},{"id":136,"image_id":20,"category_id":1,"segmentation":[],"area":3241.5736999999913,"bbox":[550.2,578.97,20.81,155.77],"iscrowd":0,"attributes":{"occluded":false,"rotation":2.200000000000017}},{"id":137,"image_id":20,"category_id":1,"segmentation":[],"area":4463.472000000016,"bbox":[1006.5,801.56,29.9,149.28],"iscrowd":0,"attributes":{"occluded":false,"rotation":0.0}},{"id":138,"image_id":20,"category_id":1,"segmentation":[],"area":2264.191999999996,"bbox":[920.53,1084.7,25.27,89.6],"iscrowd":0,"attributes":{"occluded":false,"rotation":0.0}},{"id":139,"image_id":20,"category_id":1,"segmentation":[],"area":3335.857999999999,"bbox":[62.29,135.1,25.31,131.8],"iscrowd":0,"attributes":{"occluded":false,"rotation":0.0}},{"id":140,"image_id":21,"category_id":1,"segmentation":[],"area":1661.0274999999988,"bbox":[153.06,798.04,10.45,158.95],"iscrowd":0,"attributes":{"occluded":false,"rotation":354.2}},{"id":141,"image_id":21,"category_id":1,"segmentation":[],"area":905.4508999999989,"bbox":[738.2,848.29,11.53,78.53],"iscrowd":0,"attributes":{"occluded":false,"rotation":353.09999999999997}},{"id":142,"image_id":21,"category_id":1,"segmentation":[],"area":3963.245999999989,"bbox":[1110.51,657.61,13.79,287.4],"iscrowd":0,"attributes":{"occluded":false,"rotation":352.6}},{"id":143,"image_id":21,"category_id":1,"segmentation":[],"area":3855.3164999999995,"bbox":[427.3,705.54,17.01,226.65],"iscrowd":0,"attributes":{"occluded":false,"rotation":353.3}},{"id":144,"image_id":21,"category_id":1,"segmentation":[],"area":1734.8435999999986,"bbox":[137.8,472.66,12.04,144.09],"iscrowd":0,"attributes":{"occluded":false,"rotation":352.9}},{"id":145,"image_id":21,"category_id":1,"segmentation":[],"area":1779.9791999999982,"bbox":[431.42,475.14,14.02,126.96],"iscrowd":0,"attributes":{"occluded":false,"rotation":351.89999999999986}},{"id":146,"image_id":21,"category_id":1,"segmentation":[],"area":1764.5004000000074,"bbox":[705.9,428.22,14.43,122.28],"iscrowd":0,"attributes":{"occluded":false,"rotation":352.5}},{"id":147,"image_id":21,"category_id":1,"segmentation":[],"area":3665.222799999998,"bbox":[938.08,255.49,24.76,148.03],"iscrowd":0,"attributes":{"occluded":false,"rotation":351.79999999999995}},{"id":148,"image_id":21,"category_id":1,"segmentation":[],"area":2588.508499999976,"bbox":[1138.88,33.99,14.65,176.69],"iscrowd":0,"attributes":{"occluded":false,"rotation":352.3}},{"id":149,"image_id":21,"category_id":1,"segmentation":[],"area":1043.1360000000066,"bbox":[1265.6,2.14,14.4,72.44],"iscrowd":0,"attributes":{"occluded":false,"rotation":354.0}},{"id":150,"image_id":22,"category_id":1,"segmentation":[],"area":1034.760999999999,"bbox":[98.79,538.13,10.79,95.9],"iscrowd":0,"attributes":{"occluded":false,"rotation":352.3}},{"id":151,"image_id":22,"category_id":1,"segmentation":[],"area":2397.5984999999946,"bbox":[392.79,490.32,16.55,144.87],"iscrowd":0,"attributes":{"occluded":false,"rotation":353.4}},{"id":152,"image_id":22,"category_id":1,"segmentation":[],"area":1499.5275000000001,"bbox":[697.7,524.92,12.75,117.61],"iscrowd":0,"attributes":{"occluded":false,"rotation":351.4}},{"id":153,"image_id":22,"category_id":1,"segmentation":[],"area":1771.511999999999,"bbox":[956.1,513.82,13.38,132.4],"iscrowd":0,"attributes":{"occluded":false,"rotation":351.4999999999999}},{"id":154,"image_id":22,"category_id":1,"segmentation":[],"area":3700.2398999999896,"bbox":[970.11,748.45,16.67,221.97],"iscrowd":0,"attributes":{"occluded":false,"rotation":352.5}},{"id":155,"image_id":22,"category_id":1,"segmentation":[],"area":3718.980399999997,"bbox":[671.69,829.85,27.13,137.08],"iscrowd":0,"attributes":{"occluded":false,"rotation":354.2}},{"id":156,"image_id":22,"category_id":1,"segmentation":[],"area":3736.2306000000067,"bbox":[376.51,725.86,15.78,236.77],"iscrowd":0,"attributes":{"occluded":false,"rotation":353.0}},{"id":157,"image_id":22,"category_id":1,"segmentation":[],"area":1896.1810000000007,"bbox":[79.71,854.25,13.45,140.98],"iscrowd":0,"attributes":{"occluded":false,"rotation":354.4}},{"id":158,"image_id":22,"category_id":1,"segmentation":[],"area":1588.1261000000218,"bbox":[1134.84,231.43,11.33,140.17],"iscrowd":0,"attributes":{"occluded":false,"rotation":352.7}},{"id":159,"image_id":22,"category_id":1,"segmentation":[],"area":2605.232999999994,"bbox":[731.2,220.19,19.55,133.26],"iscrowd":0,"attributes":{"occluded":false,"rotation":350.3999999999999}},{"id":160,"image_id":22,"category_id":1,"segmentation":[],"area":3653.8557000000005,"bbox":[93.53,213.97,25.89,141.13],"iscrowd":0,"attributes":{"occluded":false,"rotation":351.6}},{"id":161,"image_id":23,"category_id":1,"segmentation":[],"area":2417.1675000000005,"bbox":[250.33,500.84,17.65,136.95],"iscrowd":0,"attributes":{"occluded":false,"rotation":351.80000000000007}},{"id":162,"image_id":23,"category_id":1,"segmentation":[],"area":2398.6952000000124,"bbox":[553.04,497.56,16.28,147.34],"iscrowd":0,"attributes":{"occluded":false,"rotation":352.0}},{"id":163,"image_id":23,"category_id":1,"segmentation":[],"area":1542.8979999999956,"bbox":[854.09,508.15,11.54,133.7],"iscrowd":0,"attributes":{"occluded":false,"rotation":353.6}},{"id":164,"image_id":23,"category_id":1,"segmentation":[],"area":2325.1199999999862,"bbox":[1151.45,471.61,13.84,168.0],"iscrowd":0,"attributes":{"occluded":false,"rotation":352.79999999999995}},{"id":165,"image_id":23,"category_id":1,"segmentation":[],"area":2665.203200000007,"bbox":[557.28,769.96,14.08,189.29],"iscrowd":0,"attributes":{"occluded":false,"rotation":352.1}},{"id":166,"image_id":23,"category_id":1,"segmentation":[],"area":3317.098299999978,"bbox":[1137.45,761.23,15.11,219.53],"iscrowd":0,"attributes":{"occluded":false,"rotation":351.2999999999999}},{"id":167,"image_id":23,"category_id":1,"segmentation":[],"area":1854.7847999999979,"bbox":[846.32,839.31,14.52,127.74],"iscrowd":0,"attributes":{"occluded":false,"rotation":352.5}},{"id":168,"image_id":23,"category_id":1,"segmentation":[],"area":2166.8063999999995,"bbox":[780.89,820.45,15.62,138.72],"iscrowd":0,"attributes":{"occluded":false,"rotation":355.4}},{"id":169,"image_id":24,"category_id":1,"segmentation":[],"area":1742.8932000000034,"bbox":[193.98,539.54,12.51,139.32],"iscrowd":0,"attributes":{"occluded":false,"rotation":351.4999999999999}},{"id":170,"image_id":24,"category_id":1,"segmentation":[],"area":1440.9314999999986,"bbox":[510.29,544.81,10.83,133.05],"iscrowd":0,"attributes":{"occluded":false,"rotation":349.69999999999993}},{"id":171,"image_id":24,"category_id":1,"segmentation":[],"area":2174.6009999999937,"bbox":[825.73,524.53,14.3,152.07],"iscrowd":0,"attributes":{"occluded":false,"rotation":351.09999999999997}},{"id":172,"image_id":24,"category_id":1,"segmentation":[],"area":1098.5831999999882,"bbox":[1147.19,567.46,9.36,117.37],"iscrowd":0,"attributes":{"occluded":false,"rotation":347.4}},{"id":173,"image_id":25,"category_id":1,"segmentation":[],"area":2069.390399999999,"bbox":[258.23,638.93,15.27,135.52],"iscrowd":0,"attributes":{"occluded":false,"rotation":349.99999999999994}},{"id":174,"image_id":25,"category_id":1,"segmentation":[],"area":3360.593999999997,"bbox":[473.11,700.78,23.97,140.2],"iscrowd":0,"attributes":{"occluded":false,"rotation":349.4}},{"id":175,"image_id":25,"category_id":1,"segmentation":[],"area":1776.9124999999988,"bbox":[850.53,651.83,13.75,129.23],"iscrowd":0,"attributes":{"occluded":false,"rotation":349.0}},{"id":176,"image_id":25,"category_id":1,"segmentation":[],"area":1108.3775999999982,"bbox":[489.01,374.84,9.02,122.88],"iscrowd":0,"attributes":{"occluded":false,"rotation":349.3}},{"id":177,"image_id":25,"category_id":1,"segmentation":[],"area":4594.488599999995,"bbox":[475.93,38.16,28.47,161.38],"iscrowd":0,"attributes":{"occluded":false,"rotation":351.89999999999986}},{"id":178,"image_id":25,"category_id":1,"segmentation":[],"area":3934.0481999999993,"bbox":[469.12,1083.25,25.77,152.66],"iscrowd":0,"attributes":{"occluded":false,"rotation":350.3}},{"id":179,"image_id":25,"category_id":1,"segmentation":[],"area":720.2363999999934,"bbox":[898.7,961.52,8.22,87.62],"iscrowd":0,"attributes":{"occluded":false,"rotation":352.0}},{"id":180,"image_id":25,"category_id":1,"segmentation":[],"area":1053.1804000000052,"bbox":[1110.09,963.25,11.93,88.28],"iscrowd":0,"attributes":{"occluded":false,"rotation":351.4}},{"id":181,"image_id":25,"category_id":1,"segmentation":[],"area":1130.321500000001,"bbox":[900.48,210.6,10.99,102.85],"iscrowd":0,"attributes":{"occluded":false,"rotation":345.4}},{"id":182,"image_id":25,"category_id":1,"segmentation":[],"area":1273.9073999999932,"bbox":[1147.01,311.76,17.61,72.34],"iscrowd":0,"attributes":{"occluded":false,"rotation":352.1}},{"id":183,"image_id":25,"category_id":1,"segmentation":[],"area":630.5344000000016,"bbox":[132.45,1227.12,11.87,53.12],"iscrowd":0,"attributes":{"occluded":false,"rotation":350.1}},{"id":184,"image_id":26,"category_id":1,"segmentation":[],"area":2585.3307999999997,"bbox":[547.16,340.19,18.38,140.66],"iscrowd":0,"attributes":{"occluded":false,"rotation":348.50000000000006}},{"id":185,"image_id":26,"category_id":1,"segmentation":[],"area":3073.4408000000035,"bbox":[549.51,627.95,19.96,153.98],"iscrowd":0,"attributes":{"occluded":false,"rotation":350.9}},{"id":186,"image_id":26,"category_id":1,"segmentation":[],"area":667.8110000000047,"bbox":[930.02,721.28,12.05,55.42],"iscrowd":0,"attributes":{"occluded":false,"rotation":350.3}},{"id":187,"image_id":26,"category_id":1,"segmentation":[],"area":2177.8944000000124,"bbox":[1167.76,631.52,21.12,103.12],"iscrowd":0,"attributes":{"occluded":false,"rotation":348.0}},{"id":188,"image_id":26,"category_id":1,"segmentation":[],"area":1546.5834999999959,"bbox":[1164.32,296.12,15.29,101.15],"iscrowd":0,"attributes":{"occluded":false,"rotation":348.50000000000006}},{"id":189,"image_id":26,"category_id":1,"segmentation":[],"area":4578.25219999999,"bbox":[536.73,974.13,27.19,168.38],"iscrowd":0,"attributes":{"occluded":false,"rotation":350.19999999999993}},{"id":190,"image_id":26,"category_id":1,"segmentation":[],"area":944.0865000000017,"bbox":[956.05,1152.14,10.71,88.15],"iscrowd":0,"attributes":{"occluded":false,"rotation":346.69999999999993}}]}